session_id,user_id,timecreated,lastip,sessdata
1,1,1740950768,65.175.134.182,session_uid1_qid1
2,1,1741441601,13.14.29.51,session_uid1_qid2
3,2,1740919818,52.250.185.3,session_uid2_qid1
4,2,1741442556,89.36.9.33,session_uid2_qid2
5,3,1740947587,3.122.45.53,session_uid3_qid1
6,3,1741461765,96.38.199.78,session_uid3_qid2
7,4,1740943313,213.143.242.18,session_uid4_qid1
8,4,1741476288,220.190.127.128,session_uid4_qid2
9,5,1740915638,163.28.198.156,session_uid5_qid1
10,5,1741434654,134.136.174.59,session_uid5_qid2
11,6,1740911256,38.147.212.199,session_uid6_qid1
12,6,1741477745,178.96.63.70,session_uid6_qid2
13,7,1740915955,203.96.254.199,session_uid7_qid1
14,7,1741446987,189.152.218.255,session_uid7_qid2
15,8,1740943104,67.226.129.66,session_uid8_qid1
16,8,1741457773,172.44.11.108,session_uid8_qid2
17,9,1740915447,1.42.16.156,session_uid9_qid1
18,9,1741481598,31.244.96.168,session_uid9_qid2
19,10,1740956005,15.104.78.253,session_uid10_qid1
20,10,1741473472,181.45.54.120,session_uid10_qid2
21,11,1740946427,51.136.255.226,session_uid11_qid1
22,11,1741466528,130.47.109.212,session_uid11_qid2
23,12,1740933403,118.34.169.214,session_uid12_qid1
24,12,1741472482,176.0.141.208,session_uid12_qid2
25,13,1740920094,196.220.197.210,session_uid13_qid1
26,13,1741449264,26.112.55.104,session_uid13_qid2
27,14,1740946056,6.29.97.229,session_uid14_qid1
28,14,1741455010,31.121.42.129,session_uid14_qid2
29,15,1740959971,164.47.149.188,session_uid15_qid1
30,15,1741474663,211.113.72.84,session_uid15_qid2
31,16,1740942727,102.250.34.157,session_uid16_qid1
32,16,1741463367,118.51.3.85,session_uid16_qid2
33,17,1740934240,96.158.243.231,session_uid17_qid1
34,17,1741470771,54.162.203.57,session_uid17_qid2
35,18,1740938173,152.84.210.171,session_uid18_qid1
36,18,1741446762,177.39.42.130,session_uid18_qid2
37,19,1740934486,73.231.170.182,session_uid19_qid1
38,19,1741447217,128.187.205.16,session_uid19_qid2
39,20,1740923905,4.43.224.156,session_uid20_qid1
40,20,1741441798,20.126.235.175,session_uid20_qid2
41,21,1740934085,83.241.179.179,session_uid21_qid1
42,21,1741443572,139.38.118.18,session_uid21_qid2
43,22,1740937649,116.69.48.158,session_uid22_qid1
44,22,1741467847,78.248.88.215,session_uid22_qid2
45,23,1740912147,132.209.231.223,session_uid23_qid1
46,23,1741470251,22.118.146.208,session_uid23_qid2
47,24,1740910751,31.160.154.248,session_uid24_qid1
48,24,1741440373,68.228.199.114,session_uid24_qid2
49,25,1740926088,53.200.234.15,session_uid25_qid1
50,25,1741477244,82.14.171.62,session_uid25_qid2
51,26,1740945850,85.152.103.28,session_uid26_qid1
52,26,1741459714,36.26.73.253,session_uid26_qid2
53,27,1740913639,106.65.63.85,session_uid27_qid1
54,27,1741440459,5.207.73.171,session_uid27_qid2
55,28,1740919625,3.226.180.71,session_uid28_qid1
56,28,1741430066,140.203.109.181,session_uid28_qid2
57,29,1740945892,180.243.175.102,session_uid29_qid1
58,29,1741449293,218.115.157.255,session_uid29_qid2
59,30,1740969733,188.14.37.238,session_uid30_qid1
60,30,1741443111,144.21.108.53,session_uid30_qid2
61,31,1740919379,161.5.89.76,session_uid31_qid1
62,31,1741477158,195.78.92.67,session_uid31_qid2
63,32,1740951957,173.48.155.222,session_uid32_qid1
64,32,1741442324,64.127.161.74,session_uid32_qid2
65,33,1740910559,177.207.68.49,session_uid33_qid1
66,33,1741450856,193.197.11.169,session_uid33_qid2
67,34,1740936638,120.102.3.162,session_uid34_qid1
68,34,1741460160,114.179.234.76,session_uid34_qid2
69,35,1740966816,193.106.66.208,session_uid35_qid1
70,35,1741429082,55.54.165.151,session_uid35_qid2
71,36,1740926088,167.251.147.181,session_uid36_qid1
72,36,1741430824,169.218.158.154,session_uid36_qid2
73,37,1740910822,89.206.25.80,session_uid37_qid1
74,37,1741432089,212.56.1.32,session_uid37_qid2
75,38,1740921735,37.16.131.244,session_uid38_qid1
76,38,1741439255,84.51.218.230,session_uid38_qid2
77,39,1740909605,77.25.54.60,session_uid39_qid1
78,39,1741436898,170.47.252.200,session_uid39_qid2
79,40,1740930479,10.56.66.151,session_uid40_qid1
80,40,1741445469,164.242.222.202,session_uid40_qid2
81,41,1740958733,159.109.153.67,session_uid41_qid1
82,41,1741458059,141.192.75.57,session_uid41_qid2
83,42,1740967849,189.203.196.99,session_uid42_qid1
84,42,1741435143,174.225.14.25,session_uid42_qid2
85,43,1740942572,191.79.179.68,session_uid43_qid1
86,43,1741439416,159.243.157.227,session_uid43_qid2
87,44,1740920425,177.108.189.172,session_uid44_qid1
88,44,1741455329,74.129.20.182,session_uid44_qid2
89,45,1740957149,92.21.35.73,session_uid45_qid1
90,45,1741440292,108.250.249.53,session_uid45_qid2
