total_duration,num_actions,mean_step_duration,std_step_duration,median_step_duration,quick_actions_count,long_actions_count,sumgrades,nav_seq_length,nav_unique_questions_visited,nav_revisits_count,nav_total_revisits,nav_linearity,nav_entropy,mean_nav_similarity,max_nav_similarity,std_nav_similarity,high_nav_similarity_count,total_duration_zscore,num_actions_zscore,mean_step_duration_zscore,nav_revisits_count_zscore,nav_entropy_zscore,mean_nav_similarity_zscore,max_nav_similarity_zscore,std_nav_similarity_zscore,high_nav_similarity_count_zscore,attempt_id,user_id,quiz_id,is_cheater,cheating_group_id
-2.059061035954282,-0.4028953329322605,-2.1234685560721185,-2.2774024453903507,-1.8987771536893712,-0.7115308500884658,0.0,0.5591143753858152,-0.4028953329322605,0.0,-0.14195468819753507,-0.40289533293226076,0.0,0.377469645277729,1.2952078713860131,2.5653672352816317,1.4902347639858948,0.0,-1.8272544302166587,-0.3002662820894814,-1.8825205599436712,-0.09432283473806816,0.2588460835095798,1.0790988240299904,2.88959858180427,2.2872500496376635,0.0,1,1,1,1,group_high_severity_1
-1.9758255467178978,0.9400891101752752,-2.1275631479710317,-2.171073054071845,-1.775679769333496,3.6546811845453018,0.0,0.0669843628212831,0.9400891101752752,0.0,0.6565404329136005,0.9400891101752749,0.0,-0.8403981710042945,-0.6002632025290234,2.730076209880437,3.547096859664102,0.0,-2.2916859652675767,0.7897539744795118,-2.463233739067209,0.5727445524498278,-0.6880579625447556,1.2746940511352547,3.1404030035008526,2.864210749538386,0.0,2,1,2,1,group_high_severity_1
-2.053512003338523,-0.4028953329322605,-2.1367759797435864,-2.3003066852129317,-1.775679769333496,0.7438731614561234,0.0,-0.9480337880930648,-0.4028953329322605,0.0,-0.9404498093086706,-0.40289533293226076,0.0,-0.7229192796802848,1.108140079415018,2.5653672352816317,1.2827910218753273,0.0,-1.8219147036526124,-0.3002662820894814,-1.8952436712553886,-0.9432283473806812,-0.8986981860718634,0.4861653629274477,2.88959858180427,2.0086088410728413,0.0,3,2,1,1,group_high_severity_1
-2.0091197424124516,0.2685968886215074,-2.0951902807702494,-2.4441670435681324,-1.775679769333496,-0.7115308500884658,0.0,-0.7327269075960817,0.2685968886215074,0.0,0.6565404329136005,0.2685968886215071,0.0,0.1548300806950862,-0.4125067118301092,2.730076209880437,4.083793270549565,0.0,-2.3274067371543246,0.14359163172354747,-2.4282907126306172,0.5727445524498278,0.2777823504923638,1.9498313689385778,3.1404030035008526,3.3252112243593683,0.0,4,2,2,1,group_high_severity_1
-2.1644926556537016,0.2685968886215074,-2.3147627713494674,-2.309002333347699,-2.0834232302231834,3.6546811845453018,0.0,-0.7634850333813654,0.2685968886215074,0.0,0.6565404329136005,0.2685968886215071,0.0,0.1548300806950862,1.0064709297059768,2.5653672352816317,1.715445774233049,0.0,-1.9287092349335393,0.41089070180665926,-2.0654152850496077,0.7545826779045449,0.02464238850730669,0.16391298485008707,2.88959858180427,2.5897564903666597,0.0,5,3,1,1,group_high_severity_1
-1.9425313510233442,0.9400891101752752,-2.071262509360976,-2.2709041481774253,-1.7141310771555587,-0.7115308500884658,0.0,-1.0710662912341977,0.9400891101752752,0.0,0.6565404329136005,0.9400891101752749,0.0,-0.8403981710042945,-0.5319959411240538,2.730076209880437,3.8040460368456888,0.0,-2.255965193380829,0.7897539744795118,-2.402463258307919,0.5727445524498278,-0.6880579625447556,1.52017038906191,3.1404030035008526,3.084919683459041,0.0,6,3,2,1,group_high_severity_1
-1.282196469748031,-0.4028953329322605,-1.3516379831269896,-1.5785654829884026,-1.2832902319099964,-0.7115308500884658,0.0,0.2515331175329826,-0.4028953329322605,0.0,-0.14195468819753507,-0.40289533293226076,0.0,0.377469645277729,0.863479856321797,1.124163707542087,0.9662557778473828,0.0,-1.0796927112501706,-0.3002662820894814,-1.1445801038640675,-0.09432283473806816,0.2588460835095798,-0.2893141108201022,0.904929096591125,1.5834344682431376,0.0,7,4,1,1,group_medium_severity_1
-1.2211571109746828,0.2685968886215074,-1.253495733549915,-0.9196845410986281,-1.1294185014651528,2.199277173000713,0.0,-0.8557594107372148,0.2685968886215074,0.0,-0.14195468819753507,0.2685968886215071,0.0,-0.8609135423430763,-0.9413412475309026,-0.8935212312932759,-0.5183249306153891,0.0,-1.4820151358346263,0.14359163172354747,-1.5197720252792382,-0.18529970814553254,-0.7079675387068951,0.0482410235622308,-0.41892358822599624,-0.6278218738479886,0.0,8,4,2,1,group_medium_severity_1
-1.2655493719007542,-0.4028953329322605,-1.1121043570405702,-1.2488803070584331,-0.852449386664434,-0.7115308500884658,0.0,-0.05604814031985007,-0.4028953329322605,0.0,-0.14195468819753507,-0.40289533293226076,0.0,0.377469645277729,0.8159596440953869,0.37473787311752393,-0.14712551490059525,0.0,-1.0636735315580317,-0.3002662820894814,-0.915564100253156,-0.09432283473806816,0.2588460835095798,-0.43993503605185674,-0.12709903571971018,0.08792582648615445,0.0,9,5,1,1,group_medium_severity_1
-1.032490002038879,0.9400891101752752,-1.153562100017066,-1.0745358773401013,-0.5447059257747467,-0.7115308500884658,0.0,-1.686228806939863,0.9400891101752752,0.0,1.4550355540247362,0.9400891101752749,0.0,0.10279233610257235,-0.9595056764797659,-0.48174879479626287,-0.51989975763156,0.0,-1.2795974284763885,0.7897539744795118,-1.4119044219314991,1.330788813045188,0.22728122028312928,-0.017074874675504937,-0.01445465734794512,-0.6291745864569996,0.0,10,5,2,1,group_medium_severity_1
-0.6773519146303072,1.611581331729043,-1.109728031384951,-1.5425398772137324,-0.852449386664434,0.7438731614561234,0.0,-0.5174200270990991,1.611581331729043,0.0,2.2535306751358717,1.6115813317290428,0.0,0.17796657172331634,1.5048305466963554,0.8743550960672326,0.18386251542567222,0.0,-0.49766251576911924,1.8332046695989408,-0.9132921160903494,2.452393703189771,0.04898061293006898,1.743522651818618,0.5609197191541799,0.5325133751500435,0.0,11,6,1,1,group_medium_severity_1
-1.1490196869698166,-0.4028953329322605,-1.1586803398907073,-1.2105057018157697,-0.975546771020309,-0.7115308500884658,0.0,-2.855037586780627,-0.4028953329322605,0.0,-0.9404498093086706,-0.40289533293226076,0.0,-0.7229192796802848,-0.6324168243887414,-0.3170398201974575,0.20694344026460182,0.0,-1.4046201300800059,-0.5025707110324169,-1.4174290110914347,-0.9433439687408928,-0.5740480869429637,1.1590756246338603,0.14733291500327553,-0.004845724637871685,0.0,12,6,2,1,group_medium_severity_1
-1.0491370998861558,0.9400891101752752,-1.153562100017066,-1.005075138140602,-0.975546771020309,2.199277173000713,0.0,1.1435187653061973,0.9400891101752752,0.0,0.6565404329136005,0.9400891101752749,0.0,-0.8403981710042945,1.5395237451152741,0.5888595400959706,-0.29703656522383987,0.0,-0.8554241955602243,1.1220476857028001,-0.9552014854935061,0.7545826779045449,-1.0222790531312782,1.8534868417975987,0.16776614494052863,-0.11343670108060436,0.0,13,7,1,1,group_medium_severity_1
-0.8771170887976288,0.2685968886215074,-0.911938525982243,-1.482132664530779,-0.5754802718637154,-0.7115308500884658,0.0,-1.4094056748723138,0.2685968886215074,0.0,0.6565404329136005,0.2685968886215071,0.0,0.1548300806950862,-0.6521738691459172,-0.3170398201974575,-0.2658417552667959,0.0,-1.1129004930048987,0.14359163172354747,-1.1510977753395482,0.5727445524498278,0.2777823504923638,1.0880329770245698,0.14733291500327553,-0.4109490545794973,0.0,14,7,2,1,group_medium_severity_1
0.5933765543784887,0.2685968886215074,0.3079086439022999,0.4700669077514524,0.28620141862740917,-0.7115308500884658,0.0,-0.7019687818107986,0.2685968886215074,0.0,0.6565404329136005,0.2685968886215071,0.0,0.1548300806950862,0.6074561042179127,-0.3170398201974575,-1.2606839306900401,0.0,0.7251348673974932,0.41089070180665926,0.44209790263467796,0.7545826779045449,0.02464238850730669,-1.1008116319056809,-1.07974038862202,-1.4078207293088076,0.0,15,8,1,1,group_low_severity_1
0.044022325418354234,-1.7458797760397962,0.8263436911032301,1.0328589307710276,1.117108763029565,-0.7115308500884658,0.0,-1.4709219264428801,-1.7458797760397962,0.0,-1.7389449304198061,-1.7458797760397964,0.0,1.6071547737540064,-1.0985093407517335,-1.2603730383542509,0.0778863221917228,0.0,-0.12462580413820894,-1.7948953965443455,0.7251908181035168,-1.701388229336253,1.6872215758965785,-0.5169061226503179,-0.7792686357355326,-0.11570056082443571,0.0,16,8,2,1,group_low_severity_1
0.3048268583590241,0.2685968886215074,0.27741246465518593,0.09389272913680902,0.3169757647163779,-0.7115308500884658,0.0,0.15925874017713257,0.2685968886215074,0.0,0.6565404329136005,0.2685968886215071,0.0,0.1548300806950862,0.5572671844208167,0.25944159089835994,-0.8910394746195045,0.0,0.4474690860670834,0.41089070180665926,0.4129407725453255,0.7545826779045449,0.02464238850730669,-1.2598913409819723,-0.2858725945367624,-0.9113093526297158,0.0,17,9,1,1,group_low_severity_1
0.6322197826888013,0.2685968886215074,0.5396796061803628,0.1579893281626372,0.6862679177840028,-0.7115308500884658,0.0,-1.3786475490870305,0.2685968886215074,0.0,0.6565404329136005,0.2685968886215071,0.0,0.1548300806950862,-0.8538765090851911,-0.3170398201974575,0.010863021894041045,0.0,0.5064411658610025,0.14359163172354747,0.41576778690413435,0.5727445524498278,0.2777823504923638,0.3627479079676297,0.14733291500327553,-0.17327086059656244,0.0,18,9,2,1,group_low_severity_1
0.17719910819656864,-0.4028953329322605,0.3916345178352842,0.01766147085946416,0.9324626864957526,-0.7115308500884658,0.0,-2.4244238257866617,-0.4028953329322605,0.0,-0.14195468819753507,-0.40289533293226076,0.0,0.377469645277729,0.9375149695730881,0.4996421788549507,-0.7330496429247578,0.0,0.32465537509401754,-0.3002662820894814,0.5221474779708991,-0.09432283473806816,0.2588460835095798,-0.054651075132948534,0.044905652998761786,-0.6990952978865601,0.0,19,10,1,1,group_low_severity_1
-0.29446866414294076,-1.0743875544860284,0.19202316276326814,0.4392828834801935,0.04000664991565927,-0.7115308500884658,0.0,-3.285651347774593,-1.0743875544860284,0.0,-0.9404498093086706,-1.0743875544860286,0.0,0.8319925068703322,-1.0254720580437335,0.10221938787222813,0.7545665113882651,0.0,-0.4877869849868118,-1.148733053788381,0.04051006821552129,-0.9433439687408928,0.9349489537889429,-0.2542776778835503,0.5591558264427455,0.46554030867735796,0.0,20,10,2,1,group_low_severity_1
-0.22788027275383355,-0.4028953329322605,-0.09408644617328807,0.5606654315887954,-0.6062546179526842,-0.7115308500884658,0.0,-0.609694404454949,-0.4028953329322605,0.0,-0.14195468819753507,-0.40289533293226076,0.0,0.377469645277729,0.8935243383272631,0.8359230019941782,0.3276902451499852,0.0,-0.0651446640813655,-0.3002662820894814,0.05775391509321778,-0.09432283473806816,0.2588460835095798,-0.19408457657031483,0.5079951995484963,0.7257047051355798,0.0,21,11,1,1,group_low_severity_1
0.7709455980827746,0.2685968886215074,0.936129936392839,0.17919325516985715,1.2094318012964713,-0.7115308500884658,0.0,-1.3478894233017473,0.2685968886215074,0.0,0.6565404329136005,0.2685968886215071,0.0,0.1548300806950862,-0.37824395011613954,-0.3170398201974575,0.5240106614243089,0.0,0.6552777153891185,0.14359163172354747,0.8436932555841314,0.5727445524498278,0.2777823504923638,2.073033868932032,0.14733291500327553,0.26750217361551987,0.0,22,11,2,1,group_low_severity_1
0.42135654328996175,0.2685968886215074,0.11883233257019557,0.6337733601850555,-0.08309073444021567,-0.7115308500884658,0.0,-1.6247125553692965,0.2685968886215074,0.0,0.6565404329136005,0.2685968886215071,0.0,0.1548300806950862,0.877167743539187,0.8359230019941782,0.08263098905171443,0.0,0.5596033439120566,0.41089070180665926,0.2613236960806945,0.7545826779045449,0.02464238850730669,-0.24592873561747688,0.5079951995484963,0.39653783514716995,0.0,23,12,1,1,group_low_severity_1
0.11061071680746144,-0.4028953329322605,0.25856028112060664,-0.2929285680795581,0.009232303826690533,-0.7115308500884658,0.0,-0.9172756623077815,-0.4028953329322605,0.0,-0.14195468819753507,-0.40289533293226076,0.0,0.377469645277729,-1.0291072916700787,-1.4700026423890933,-0.6703810059671416,0.0,-0.053184260364713284,-0.5025707110324169,0.11232972729468148,-0.18529970814553254,0.4938476263562378,-0.26734929991346323,-0.9851800914552672,-0.7584318826254326,0.0,24,12,2,1,group_low_severity_1
0.149453945117774,-0.4028953329322605,0.09221748522725985,1.4254552605954798,-0.9139980788423715,0.7438731614561234,0.0,0.4975981238152489,-0.4028953329322605,0.0,-0.14195468819753507,-0.40289533293226076,0.0,0.377469645277729,0.7584102566436562,0.4996421788549507,-0.20371151311678903,0.0,0.2979567422737858,-0.3002662820894814,0.2358774734572596,-0.09432283473806816,0.2588460835095798,-0.622344616699372,0.044905652998761786,0.011918756953041275,0.0,25,13,1,0,N/A
1.0594952941022393,0.9400891101752752,0.6536883993657258,1.2125830478167436,0.5016218412501903,-0.7115308500884658,0.0,0.897453759023931,0.9400891101752752,0.0,0.6565404329136005,0.9400891101752749,0.0,-0.8403981710042945,-0.9953180103315533,-1.0170529622423792,-0.5058326839270898,0.0,0.9648577384075996,0.7897539744795118,0.5388280104416956,0.5727445524498278,-0.6880579625447556,-0.1458493470304715,-0.5402642674894111,-0.6170915400166416,0.0,26,13,2,0,N/A
-0.04476219643378872,-1.0743875544860284,0.25057582691772595,0.9692810645992543,0.5016218412501903,0.7438731614561234,0.0,-0.42514564974324903,-1.0743875544860284,0.0,-0.9404498093086706,-1.0743875544860286,0.0,0.8319925068703322,0.8292562252173682,0.4996421788549507,0.6723628833839539,0.0,0.11106631253216381,-1.0114232659856222,0.38728249806669557,-0.9432283473806812,0.7369773350126356,-0.3977899517355279,0.044905652998761786,1.1886736021464595,0.0,27,14,1,0,N/A
0.4768468694475511,-1.7458797760397962,1.2329594143980778,0.20964998637210916,1.6094983004530647,-0.7115308500884658,0.0,0.4053237464593989,-1.7458797760397962,0.0,-1.7389449304198061,-1.7458797760397964,0.0,1.6071547737540064,-1.045616495835364,0.10221938787222813,0.8559437595658951,0.0,0.33974423038951274,-1.7948953965443455,1.1640887346983861,-1.701388229336253,1.6872215758965785,-0.3267133185832191,0.5591558264427455,0.5526192579642123,0.0,28,14,2,0,N/A
-1.0768822629649506,0.2685968886215074,-1.1498087241097288,-0.896759028484375,-1.1909671936430901,0.7438731614561234,0.0,0.37456562067411575,0.2685968886215074,0.0,-0.14195468819753507,0.2685968886215071,0.0,-0.8609135423430763,0.6375005862233788,-0.3170398201974575,-0.7540991307931709,0.0,-0.882122828380456,0.41089070180665926,-0.9516129156363551,-0.09432283473806816,-1.043860014183252,-1.0055820976558936,-1.07974038862202,-0.7273692514879129,0.0,29,15,1,0,N/A
-0.23897833798535142,0.9400891101752752,-0.5961857777775134,-0.33383442988776696,-0.7293520023085591,0.7438731614561234,0.0,1.3280675200178969,0.9400891101752752,0.0,0.6565404329136005,0.9400891101752749,0.0,-0.8403981710043023,-0.8599026229544822,-1.5523571296884955,-0.192564355701237,0.0,-0.4282523651755654,0.7897539744795118,-0.8102766624145327,0.5727445524498278,-0.6880579625447631,0.3410791265617462,-1.0660738776308771,-0.34800673689632816,0.0,30,15,2,0,N/A
-1.3099416328268259,-1.7458797760397962,-0.7919868876102629,-1.2622044192376887,-0.6062546179526842,-0.7115308500884658,0.0,-0.3636293981726827,-1.7458797760397962,0.0,-1.7389449304198061,-1.7458797760397964,0.0,1.6071547737540064,1.0953013264246638,0.8359230019941782,0.18932817385184583,0.0,-1.1063913440704023,-1.7225802498817628,-0.6095025892546232,-1.7921338600232943,1.5524023358242305,0.4454714189480826,0.5079951995484963,0.5398549206407712,0.0,31,16,1,0,N/A
0.3214739562063009,1.611581331729043,-0.26280556772225433,0.6383853948044078,-0.23696246488505934,0.7438731614561234,0.0,0.897453759023931,1.611581331729043,0.0,1.4550355540247362,1.6115813317290428,0.0,-0.7023445682430854,-0.8453538623271937,-0.12487934983218475,0.7843097660399764,0.0,0.1730472949180229,1.4359163172354763,-0.45042860134702517,1.330788813045188,-0.5540809229268486,0.39339375595595094,0.3360850827463661,0.49108855949300667,0.0,32,16,2,0,N/A
-0.3499589903005301,0.9400891101752752,-0.6412262886655579,0.027268710370328676,-1.2832902319099964,-0.7115308500884658,0.0,1.5126162747295964,0.9400891101752752,0.0,1.4550355540247362,0.9400891101752749,0.0,0.10279233610257235,1.0706059987434333,-0.48174879479626287,-0.9814934091947743,0.0,-0.18261864849038506,1.1220476857028001,-0.46536169999238985,1.6034881905471579,-0.030098250632900475,0.36719666111396093,-1.3065597583606654,-1.0328082871989868,0.0,33,17,1,0,N/A
0.4934939672948279,-0.4028953329322605,0.8840091936795904,0.9908220093698504,1.117108763029565,-0.7115308500884658,0.0,0.7744212558827979,-0.4028953329322605,0.0,-0.14195468819753507,-0.40289533293226076,0.0,0.377469645277729,-0.5514086365172703,-0.12487934983218475,0.11393691987908415,0.0,0.35760461633288665,-0.5025707110324169,0.7874345226387892,-0.18529970814553254,0.4938476263562378,1.4503659575329553,0.3360850827463661,-0.0847345578581879,0.0,34,17,2,0,N/A
2.1471056867909906,1.611581331729043,1.587876852874009,0.6569957844459537,1.7325956848089397,-0.7115308500884658,0.0,0.9282118848092142,1.611581331729043,0.0,1.4550355540247362,1.6115813317290428,0.0,-0.7023445682430854,1.2228084176135294,-0.12487934983218475,-1.5280087807961538,0.0,2.220258305330469,1.8332046695989408,1.6658643055277722,1.6034881905471579,-0.8770548027350757,0.8496202042475516,-0.8151177905936003,-1.7668950429281383,0.0,35,18,1,0,N/A
-0.14464478351744953,-1.0743875544860284,0.2798521589949554,-0.09106509307327933,0.3477501108053466,-0.7115308500884658,0.0,-0.11756439189041638,-1.0743875544860284,0.0,-0.9404498093086706,-1.0743875544860286,0.0,0.8319925068703322,-0.8432642877777121,0.10221938787222813,-0.06590652074386837,0.0,-0.32704351149644656,-1.148733053788381,0.13531201820001323,-0.9433439687408928,0.9349489537889429,0.4009074762616281,0.5591558264427455,-0.23921278770853394,0.0,36,18,2,0,N/A
2.430106350194696,0.9400891101752752,1.9317128958139933,0.4935976807369742,1.4248522239192523,-0.7115308500884658,0.0,0.03622623703599994,0.9400891101752752,0.0,1.4550355540247362,0.9400891101752749,0.0,0.10279233610257235,1.4600651293816214,1.124163707542087,0.020739231530573294,0.0,2.4925843600968327,1.1220476857028001,1.9946029370846443,1.6034881905471579,-0.030098250632900475,1.6016333744263873,0.904929096591125,0.313403998761304,0.0,37,19,1,0,N/A
1.42018241412657,0.9400891101752752,1.3180359349643846,-0.23913465721976393,1.1786574552075024,-0.7115308500884658,0.0,0.005468111250716241,0.9400891101752752,0.0,0.6565404329136005,0.9400891101752749,0.0,-0.8403981710042945,-0.818494611938353,-0.48174879479626287,0.0005761946930068578,0.0,1.351832767180701,0.7897539744795118,1.2559196834013127,0.5727445524498278,-0.6880579625447556,0.48997461022217625,-0.01445465734794512,-0.18210682843218526,0.0,38,19,2,0,N/A
-0.3499589903005301,-1.7458797760397962,-0.0763432146113311,0.4701678080782894,0.009232303826690533,-0.7115308500884658,0.0,0.9282118848092142,-1.7458797760397962,0.0,-1.7389449304198061,-1.7458797760397964,0.0,1.6071547737540064,1.1282062559875665,0.4996421788549507,-0.6281633341072991,0.0,-0.18261864849038506,-1.7225802498817628,0.07471806350884085,-1.7921338600232943,1.5524023358242305,0.549767479576693,0.044905652998761786,-0.5582106052298752,0.0,39,20,1,0,N/A
0.8375339894718818,0.9400891101752752,0.3384048231494133,1.0516898254967124,-0.17541377270712188,0.7438731614561234,0.0,-0.9480337880930648,0.9400891101752752,0.0,1.4550355540247362,0.9400891101752749,0.0,0.10279233610257235,-0.7860396843851708,-1.0170529622423792,-0.635930580748771,0.0,0.7267192591626142,0.7897539744795118,0.19851331818967413,1.330788813045188,0.22728122028312928,0.6066764757938647,-0.5402642674894111,-0.7288403629853973,0.0,40,20,2,0,N/A
0.17719910819656864,-0.4028953329322605,0.5114013308784942,1.2157667438264403,0.4400731490722528,0.7438731614561234,0.0,0.9282118848092142,-0.4028953329322605,0.0,-0.14195468819753507,-0.40289533293226076,0.0,0.37746964527771354,0.6239848736879688,0.4996421788549507,-0.064177463187556,0.0,0.32465537509401754,-0.3002662820894814,0.6366554797763551,-0.09432283473806816,0.2588460835095635,-1.0484217448685478,0.044905652998761786,0.19934275881809982,0.0,41,21,1,0,N/A
0.17165007558080972,-1.0743875544860284,0.2798521589949554,0.8155351674574984,0.070780996004628,0.7438731614561234,0.0,1.3280675200178969,-1.0743875544860284,0.0,-0.9404498093086706,-1.0743875544860286,0.0,0.8319925068703322,-0.9963119278138909,-1.3739224072064573,-0.9548646052460524,0.0,0.012303821427657716,-1.148733053788381,0.13531201820001323,-0.9433439687408928,0.9349489537889429,-0.14942328889871484,-0.8908040075837224,-1.0027917696796211,0.0,42,21,2,0,N/A
-0.8771170887976288,0.2685968886215074,-0.8509461674880159,-0.48629951363444995,-1.0986441553761839,0.7438731614561234,0.0,-0.3636293981726827,0.2685968886215074,0.0,0.6565404329136005,0.2685968886215071,0.0,0.1548300806950862,0.8509111045372758,0.25944159089835994,-0.5500589204128397,0.0,-0.6898926720747877,0.41089070180665926,-0.6658730407607041,0.7545826779045449,0.02464238850730669,-0.32915225408792065,-0.2858725945367624,-0.4532997122588485,0.0,43,22,1,0,N/A
0.5212391303736226,-0.4028953329322605,1.0237371422300021,1.1569142430508441,0.6247192256060652,-0.7115308500884658,0.0,1.020486262165064,-0.4028953329322605,0.0,-0.14195468819753507,-0.40289533293226076,0.0,0.37746964527771354,-1.39932590159703,-0.3170398201974575,0.7782248333849667,0.0,0.38737192623850986,-0.5025707110324169,0.9382558067050264,-0.18529970814553254,0.49384762635622276,-1.5985863632849397,0.14733291500327553,0.48586184884930206,0.0,44,22,2,0,N/A
-0.11689962043865486,-0.4028953329322605,-0.10739386984475618,0.31740497520579364,0.6247192256060652,0.7438731614561234,0.0,0.9282118848092142,-0.4028953329322605,0.0,-0.14195468819753507,-0.40289533293226076,0.0,0.377469645277729,0.5355301308208739,-0.749400878519321,-1.580544674397021,0.0,0.041649867199561354,-0.3002662820894814,0.045030803781500116,-0.09432283473806816,0.2588460835095798,-1.3287894997157,-1.6751412341859637,-1.837461957779569,0.0,45,23,1,0,N/A
-0.39990028384236054,-1.0743875544860284,-0.18125007122140205,1.3391235499392848,-0.7601263483975278,-0.7115308500884658,0.0,0.897453759023931,-1.0743875544860284,0.0,-0.9404498093086706,-1.0743875544860286,0.0,0.8319925068703322,-1.0061219716257825,0.10221938787222813,0.7811463149856784,0.0,-0.6009027626281799,-1.148733053788381,-0.36239821921856863,-0.9433439687408928,0.9349489537889429,-0.1846983765510209,0.5591558264427455,0.48837128319205614,0.0,46,23,2,0,N/A
-1.3487848611371382,-1.0743875544860284,-1.4181751014843282,-1.0137423904625629,-1.6218080388886524,-0.7115308500884658,0.0,1.1127606395209142,-1.0743875544860284,0.0,-0.9404498093086706,-1.0743875544860286,0.0,0.8319925068703322,1.0654524974669026,0.10221938787222813,-0.3101546261958456,0.0,-1.1437694300187269,-1.0114232659856222,-1.2081956604226542,-0.9432283473806812,0.7369773350126356,0.3508620301414444,-0.5023819929236506,-0.13105705600709075,0.0,47,24,1,0,N/A
-0.028115098586511914,0.9400891101752752,-0.3878734149203066,-0.237462397661278,0.13232968818256546,0.7438731614561234,0.0,-0.3943875239579659,0.9400891101752752,0.0,-0.14195468819753507,0.9400891101752749,0.0,-2.3960979075528845,-1.041202563079156,-1.5523571296884955,-0.6522625011677424,0.0,-0.20202080989282922,0.7897539744795118,-0.585425883605161,-0.18529970814553254,-2.1978196860229575,-0.3108416397352725,-1.0660738776308771,-0.7428688210022166,0.0,48,24,2,0,N/A
0.9318675439397838,-1.0743875544860284,1.5899680194509542,0.8090428248971213,2.1942108761434707,-0.7115308500884658,0.0,-0.08680626610513323,-1.0743875544860284,0.0,-0.9404498093086706,-1.0743875544860286,0.0,0.8319925068703322,1.1854895552944191,0.4996421788549507,0.3248926161130864,0.0,1.0508581878043202,-1.0114232659856222,1.6678636515910423,-0.9432283473806812,0.7369773350126356,0.7313336624215263,0.044905652998761786,0.7219468924002985,0.0,49,25,1,0,N/A
0.17165007558080972,1.611581331729043,-0.18961473752918173,0.5125385413286065,-0.5447059257747467,-0.7115308500884658,0.0,1.020486262165064,1.611581331729043,0.0,1.4550355540247362,1.6115813317290428,0.0,-0.7023445682430854,-1.2527191598912755,-1.124113795731603,-1.311189409754069,0.0,0.012303821427657716,1.4359163172354763,-0.37142697635994876,1.330788813045188,-0.5540809229268486,-1.0714158670817948,-0.6454261895177049,-1.3088603416636913,0.0,50,25,2,0,N/A
0.5267881629893815,-0.4028953329322605,0.6245144320859695,1.886996274309552,0.37852445689431535,2.199277173000713,0.0,-0.2098387692462664,-0.4028953329322605,0.0,-0.14195468819753507,-0.40289533293226076,0.0,0.37746964527771354,1.090578261853084,0.4996421788549507,0.43470585551260327,0.0,0.6610581486289371,-0.3002662820894814,0.7448019259259517,-0.09432283473806816,0.2588460835095635,0.43050110795049545,0.044905652998761786,0.8694495041030441,0.0,51,26,1,0,N/A
0.49904299991058687,0.9400891101752752,0.08505194940416219,0.8132620159865597,-0.2985111570629968,-0.7115308500884658,0.0,-0.1483225176757001,0.9400891101752752,0.0,-0.14195468819753507,0.9400891101752749,0.0,-2.3960979075528845,-1.0669426780351283,-0.48174879479626287,1.4220238900021092,0.0,0.3635580783140113,0.7897539744795118,-0.07495384522712875,-0.18529970814553254,-2.1978196860229575,-0.4033982917404052,-0.01445465734794512,1.0388591575142598,0.0,52,26,2,0,N/A
-0.2833705989114229,-0.4028953329322605,-0.2404681065594332,-0.9165980471292344,-0.23696246488505934,-0.7115308500884658,0.0,0.5283562496005321,-0.4028953329322605,0.0,-0.14195468819753507,-0.40289533293226076,0.0,0.377469645277729,0.9232675146392643,-0.12487934983218475,-0.5436024020442379,0.0,-0.11854192972182893,-0.3002662820894814,-0.08220030933567256,-0.09432283473806816,0.2588460835095798,-0.09981006630297592,-0.8151177905936003,-0.4446272304426013,0.0,53,27,1,0,N/A
-0.039213163818029785,-0.4028953329322605,-0.12070129351622379,0.33599942598291316,-0.23696246488505934,0.7438731614561234,0.0,-0.7019687818107986,-0.4028953329322605,0.0,-0.14195468819753507,-0.40289533293226076,0.0,0.37746964527771354,-1.0368551523591674,-0.749400878519321,1.0671270667681196,0.0,-0.2139277338550785,-0.5025707110324169,-0.2970423294565326,-0.18529970814553254,0.49384762635622276,-0.29520916172102823,-0.27735946241867815,0.7340171635955726,0.0,54,27,2,0,N/A
1.087240457181034,-0.4028953329322605,1.1435039552732114,-0.09137181493588249,0.5631705334281277,-0.7115308500884658,0.0,-0.42514564974324903,-0.4028953329322605,0.0,-0.14195468819753507,-0.40289533293226076,0.0,0.377469645277729,0.37717246707000124,0.5888595400959706,-0.3186208244318798,0.0,1.2003705315976176,-0.3002662820894814,1.2410032670829267,-0.09432283473806816,0.2588460835095798,-1.8307228184907238,0.16776614494052863,-0.14242896669688418,0.0,55,28,1,0,N/A
0.7764946306985335,0.2685968886215074,0.4725880118367131,0.9225173814342195,-0.11386508052918441,0.7438731614561234,0.0,1.3280675200178969,0.2685968886215074,0.0,-0.9404498093086706,0.2685968886215071,0.0,-2.536282489395405,-1.0474869389714168,-0.3170398201974575,-0.3016990585857983,0.0,0.6612311773702431,0.14359163172354747,0.3433496306659812,-0.9433439687408928,-2.333864779375729,-0.3334390832014088,0.14733291500327553,-0.4417490255138807,0.0,56,28,2,0,N/A
-0.6440577189357536,0.2685968886215074,-0.8387476957891704,-0.27025284256747456,-0.9447724249313403,0.7438731614561234,0.0,0.6821468785269484,0.2685968886215074,0.0,0.6565404329136005,0.2685968886215071,0.0,0.1548300806950862,1.0907504365350633,0.25944159089835994,-0.7809196844825024,0.0,-0.4656241563848412,0.41089070180665926,-0.6542101887249632,0.7545826779045449,0.02464238850730669,0.43104683594046483,-0.2858725945367624,-0.7633949778768522,0.0,57,29,1,0,N/A
0.33812105405357773,-1.7458797760397962,0.9076668357622,1.3966591157053427,1.4248522239192523,-0.7115308500884658,0.0,-0.5789362786696653,-1.7458797760397962,0.0,-1.7389449304198061,-1.7458797760397964,0.0,1.6071547737540064,-0.975819227597347,-0.3170398201974575,0.6714826516577548,0.0,0.1909076808613968,-1.7948953965443455,0.8129704014224909,-1.701388229336253,1.6872215758965785,-0.07573536148143331,0.14733291500327553,0.39417463898239297,0.0,58,29,2,0,N/A
1.0151030331761677,1.611581331729043,0.573661063055718,-0.002822818934894794,0.4400731490722528,-0.7115308500884658,0.0,0.9897281363797811,1.611581331729043,0.0,0.6565404329136005,1.6115813317290428,0.0,-2.1543309890217692,0.11038779734238256,-0.6244965727818934,-1.5133714440613697,0.0,1.1309540862650151,1.8332046695989408,0.6961814648418895,0.7545826779045449,-2.4044589075578915,-2.6763283389494363,-1.5031365454674905,-1.7472339764796903,0.0,59,30,1,0,N/A
1.0151030331761677,0.9400891101752752,0.7212491656977931,0.09511527521090575,0.5016218412501903,-0.7115308500884658,0.0,0.005468111250716241,0.9400891101752752,0.0,0.6565404329136005,0.9400891101752749,0.0,-0.8403981710043023,-0.8218520182369582,-1.0170529622423792,-1.149685010403665,0.0,0.9172300425586025,0.7897539744795118,0.6117525873528433,0.5727445524498278,-0.6880579625447631,0.47790200343889816,-0.5402642674894111,-1.1701346053328348,0.0,60,30,2,0,N/A
-0.6718028820145483,-1.0743875544860284,-0.15197373914417314,0.002368826546721505,-0.23696246488505934,0.7438731614561234,0.0,1.5126162747295964,-1.0743875544860284,0.0,-0.9404498093086706,-1.0743875544860286,0.0,0.8319925068703322,1.0281023306601602,0.10221938787222813,-0.24125993633991324,0.0,-0.49232278920507294,-1.0114232659856222,0.002408380887247128,-0.9432283473806812,0.7369773350126356,0.23247626504451727,-0.5023819929236506,-0.038516787258353814,0.0,61,31,1,0,N/A
0.6821610762306317,-0.4028953329322605,0.7775498043078486,1.2947624984380492,0.6247192256060652,0.7438731614561234,0.0,-0.48666190131381587,-0.4028953329322605,0.0,-0.9404498093086706,-0.40289533293226076,0.0,-0.7229192796802848,-0.9620882967094622,-1.3739224072064573,-1.0835480019112498,0.0,0.5600223236911243,-0.5025707110324169,0.6725230681121327,-0.9433439687408928,-0.5740480869429637,-0.026361495278026902,-0.8908040075837224,-1.1133255943168294,0.0,62,31,2,0,N/A
1.4812217728999182,-0.4028953329322605,1.735684308653526,0.030138045561936177,1.117108763029565,-0.7115308500884658,0.0,-0.33287127238739955,-0.4028953329322605,0.0,-0.14195468819753507,-0.40289533293226076,0.0,0.377469645277729,1.046028062890824,0.8743550960672326,0.5319019937480489,0.0,1.579491117644908,-0.3002662820894814,1.807181720454347,-0.09432283473806816,0.2588460835095798,0.28929399054572436,0.5609197191541799,1.0000046567926968,0.0,63,32,1,0,N/A
0.0384732928025953,-1.0743875544860284,0.5872536458058599,0.03488124453886459,0.22465272644947168,-0.7115308500884658,0.0,1.3280675200178969,-1.0743875544860284,0.0,-0.9404498093086706,-1.0743875544860286,0.0,0.8319925068703322,-0.5637699960712252,0.10221938787222813,-0.12791619741357463,0.0,-0.13057926611933357,-1.148733053788381,0.46711884314573393,-0.9433439687408928,0.9349489537889429,1.4059168143763408,0.5591558264427455,-0.29247658789133574,0.0,64,32,2,0,N/A
-0.5552731970836107,0.2685968886215074,-0.5032897240709212,-0.7367935826425146,-0.14463942661815316,0.7438731614561234,0.0,1.020486262165064,0.2685968886215074,0.0,0.6565404329136005,0.2685968886215071,0.0,0.1548300806950862,1.3810369503529174,0.25944159089835994,-0.6981061291404732,0.0,-0.3801885313600997,0.41089070180665926,-0.3334817577420895,0.7545826779045449,0.02464238850730669,1.351144227030098,-0.2858725945367624,-0.6521587028690785,0.0,65,33,1,0,N/A
1.6754379144514808,0.9400891101752752,1.4925679146555573,0.7225845560824973,1.9172417613427521,-0.7115308500884658,0.0,0.6206306269563815,0.9400891101752752,0.0,-0.14195468819753507,0.9400891101752749,0.0,-1.7835886781111534,-1.5537665913328635,-1.5523571296884955,0.3220793000701639,0.0,1.6256920183124344,0.7897539744795118,1.44430817375511,-0.18529970814553254,-1.603397145372633,-2.1539262753157336,-1.0660738776308771,0.09405131466171397,0.0,66,33,2,0,N/A
0.5933765543784887,0.2685968886215074,0.5518780778792081,1.0205100509657614,0.13232968818256546,-0.7115308500884658,0.0,-0.3636293981726827,0.2685968886215074,0.0,-0.14195468819753507,0.2685968886215071,0.0,-0.8609135423430763,0.19070728648593488,0.25944159089835994,-0.057266523690329474,0.0,0.7251348673974932,0.41089070180665926,0.6753549433494949,-0.09432283473806816,-1.043860014183252,-2.4217462316283713,-0.2858725945367624,0.20862562517132624,0.0,67,34,1,0,N/A
-0.26117446844838715,-1.0743875544860284,0.19202316276326814,0.5488975650619974,-0.23696246488505934,-0.7115308500884658,0.0,-0.5174200270990991,-1.0743875544860284,0.0,-0.9404498093086706,-1.0743875544860286,0.0,0.8319925068703322,-1.437227809998299,-1.3739224072064573,-0.7227501162387445,0.0,-0.45206621310006395,-1.148733053788381,0.04051006821552129,-0.9433439687408928,0.9349489537889429,-1.734874555945583,-0.8908040075837224,-0.8034148268216321,0.0,68,34,2,0,N/A
1.3813391858162574,0.9400891101752752,1.0083824226090774,-0.12534281235283626,0.5016218412501903,-0.7115308500884658,0.0,1.5126162747295964,0.9400891101752752,0.0,1.4550355540247362,0.9400891101752749,0.0,0.10279233610257235,0.9486202365607823,0.5888595400959706,0.09116175395328223,0.0,1.4833760394920739,1.1220476857028001,1.1118147522254895,1.6034881905471579,-0.030098250632900475,-0.019451619779873936,0.16776614494052863,0.40799647264556343,0.0,69,35,1,0,N/A
2.685361850519607,1.611581331729043,2.042705583359532,0.8586845387724769,2.286533914410377,0.7438731614561234,0.0,0.6513887527416652,1.611581331729043,0.0,0.6565404329136005,1.6115813317290428,0.0,-1.5826557082095027,-1.6287486653350434,-1.6237310186813116,-0.10595637298294887,0.0,2.7092220988771185,1.4359163172354763,2.038122585745883,0.5727445524498278,-1.408397493566216,-2.423547826808946,-1.13618182564974,-0.2736139883207484,0.0,70,35,2,0,N/A
-0.3499589903005301,1.611581331729043,-0.8901555408057332,-0.5887854662155777,-0.7909006944864966,2.199277173000713,0.0,1.020486262165064,1.611581331729043,0.0,0.6565404329136005,1.6115813317290428,0.0,-2.1543309890217692,1.1758047294330585,-0.12487934983218475,-1.4363092472245789,0.0,-0.18261864849038506,1.8332046695989408,-0.7033607794470139,0.7545826779045449,-2.4044589075578915,0.700636462985707,-0.8151177905936003,-1.6437230031295342,0.0,71,36,1,0,N/A
0.08841458634442571,1.611581331729043,-0.39873139522367457,-0.17421625578176922,-0.4216085414188718,0.7438731614561234,0.0,-0.5789362786696653,1.611581331729043,0.0,2.2535306751358717,1.6115813317290428,0.0,0.17796657172331634,-1.3153907441319035,-1.124113795731603,-0.5125179423251316,0.0,-0.07699810828921183,1.4359163172354763,-0.5971459048944526,2.0888330736405485,0.3002356477125036,-1.296771193702987,-0.6454261895177049,-0.6228339061537908,0.0,72,36,2,0,N/A
1.4812217728999182,-0.4028953329322605,1.8288362743538003,1.120559648245275,2.1018878378765646,-0.7115308500884658,0.0,0.5591143753858152,-0.4028953329322605,0.0,-0.9404498093086706,-0.40289533293226076,0.0,-0.7229192796802848,0.9227079469228301,-0.12487934983218475,-0.26573542859876526,0.0,1.579491117644908,-0.3002662820894814,1.8962434996363682,-0.9432283473806812,-0.8986981860718634,-0.10158368227037891,-0.8151177905936003,-0.07139259577317746,0.0,73,37,1,0,N/A
0.17719910819656864,-0.4028953329322605,0.36501967049234896,0.7635884995606118,0.009232303826690533,0.7438731614561234,0.0,-1.7785031842957129,-0.4028953329322605,0.0,-0.14195468819753507,-0.40289533293226076,0.0,0.377469645277729,-0.8047206373799733,-1.0170529622423792,-0.15695503186289192,0.0,0.01825728340878235,-0.5025707110324169,0.22724118182133854,-0.18529970814553254,0.4938476263562378,0.5395032534356248,-0.5402642674894111,-0.31741977028992285,0.0,74,37,2,0,N/A
-0.27782156629566396,-0.4028953329322605,-0.566499986510393,0.40424451714682147,-1.0370954631982465,-0.7115308500884658,0.0,-0.45590377552853273,-0.4028953329322605,0.0,-0.14195468819753507,-0.40289533293226076,0.0,0.377469645277729,0.5424601617705584,-0.3170398201974575,-0.45664287763183276,0.0,-0.1132022031577826,-0.3002662820894814,-0.39391653647274666,-0.09432283473806816,0.2588460835095798,-1.306823948119403,-1.07974038862202,-0.32782203433511947,0.0,75,38,1,0,N/A
1.2759075661168378,0.9400891101752752,1.0477928696361167,0.6683400034505609,1.1786574552075024,-0.7115308500884658,0.0,-0.609694404454949,0.9400891101752752,0.0,1.4550355540247362,0.9400891101752749,0.0,0.10279233610257235,-0.8990723631048747,-0.12487934983218475,0.11243052556812476,0.0,1.1970427556714605,0.7897539744795118,0.9642213757567226,1.330788813045188,0.22728122028312928,0.20023204742350148,0.3360850827463661,-0.08602848954570222,0.0,76,38,2,0,N/A
0.1827481408123276,-1.7458797760397962,0.9889899804211691,0.8700498549692584,0.9324626864957526,0.7438731614561234,0.0,1.0512443879503475,-1.7458797760397962,0.0,-1.7389449304198061,-1.7458797760397964,0.0,1.6071547737540064,1.1397263074363935,0.37473787311752393,-0.16987934376003253,0.0,0.3299951016580639,-1.7225802498817628,1.0932738079635425,-1.7921338600232943,1.5524023358242305,0.5862816432692401,-0.12709903571971018,0.05736257927336833,0.0,77,39,1,0,N/A
0.9873578700973731,1.611581331729043,0.573661063055718,0.5244004591428766,0.5016218412501903,0.7438731614561234,0.0,0.19001686596241626,1.611581331729043,0.0,2.2535306751358717,1.6115813317290428,0.0,0.17796657172331634,-0.8610217583873506,-0.12487934983218475,0.08189595287176303,0.0,0.8874627326529793,1.4359163172354763,0.4524471127909913,2.0888330736405485,0.3002356477125036,0.33705492430065304,0.3360850827463661,-0.11225645050458898,0.0,78,39,2,0,N/A
0.15500297773353292,0.2685968886215074,0.03954226652770011,-0.7995207666739876,0.070780996004628,-0.7115308500884658,0.0,0.43608187224468203,0.2685968886215074,0.0,0.6565404329136005,0.2685968886215071,0.0,0.1548300806950862,0.7679229078230374,-0.3170398201974575,-0.23914040106992643,0.0,0.3032964688378322,0.41089070180665926,0.1855151578483787,0.7545826779045449,0.02464238850730669,-0.5921931452535222,-1.07974038862202,-0.03566979913899127,0.0,79,40,1,0,N/A
-0.42209641430539624,-1.7458797760397962,-0.10887247247491931,0.19180795575221518,0.13232968818256546,0.7438731614561234,0.0,-0.1483225176757001,-1.7458797760397962,0.0,-1.7389449304198061,-1.7458797760397964,0.0,1.6071547737540064,-1.2759275244099546,0.10221938787222813,1.0657266916754624,0.0,-0.6247166105526785,-1.7948953965443455,-0.2842743900646821,-1.701388229336253,1.6872215758965785,-1.1548688167690007,0.5591558264427455,0.732814298121631,0.0,80,40,2,0,N/A
-0.7439403060194144,0.2685968886215074,-0.8936408184339748,-0.8871530813287604,-0.6985776562195903,0.7438731614561234,0.0,0.6206306269563815,0.2685968886215074,0.0,-0.14195468819753507,0.2685968886215071,0.0,-0.8609135423430763,0.9570567959777896,0.8359230019941782,-0.3978730652375764,0.0,-0.5617392345376754,0.41089070180665926,-0.706693022885797,-0.09432283473806816,-1.043860014183252,0.007289051728661171,0.5079951995484963,-0.2488816363937093,0.0,81,41,1,0,N/A
-0.6385086863199947,-1.0743875544860284,-0.10805924102832949,0.981173095413251,-0.32928550315196553,-0.7115308500884658,0.0,-0.025290014534566915,-1.0743875544860284,0.0,-0.9404498093086706,-1.0743875544860286,0.0,0.8319925068703322,-0.9754200953800306,-1.124113795731603,0.6130542322645421,0.0,-0.8569016278165393,-1.148733053788381,-0.2833965942314922,-0.9433439687408928,0.9349489537889429,-0.07430015647922619,-0.6454261895177049,0.3439869937196433,0.0,82,41,2,0,N/A
-0.22788027275383355,-1.7458797760397962,0.10256770363840172,0.812883447293504,-0.3600598492409343,0.7438731614561234,0.0,0.6206306269563815,-1.7458797760397962,0.0,-1.7389449304198061,-1.7458797760397964,0.0,1.6071547737540064,1.0986782980280403,0.4996421788549507,0.4753672749677948,0.0,-0.0651446640813655,-1.7225802498817628,0.24577322669970667,-1.7921338600232943,1.5524023358242305,0.45617512929681747,0.044905652998761786,0.9240664664837018,0.0,83,42,1,0,N/A
0.2881797605117473,0.9400891101752752,0.034381374655111874,-1.1105228537632559,0.19387838036050295,-0.7115308500884658,0.0,-0.6404525302402322,0.9400891101752752,0.0,0.6565404329136005,0.9400891101752749,0.0,-0.8403981710042945,-0.8106606639082745,-1.0170529622423792,-0.6708320390637929,0.0,0.13732652303127507,0.7897539744795118,-0.12964727791048947,0.5727445524498278,-0.6880579625447556,0.5181440260498253,-0.5402642674894111,-0.7588193017836364,0.0,84,42,2,0,N/A
-0.527528034004816,-1.0743875544860284,-0.10074015800902213,-0.30849368691581064,-0.021542042262278203,-0.7115308500884658,0.0,1.5126162747295964,-1.0743875544860284,0.0,-0.9404498093086706,-1.0743875544860286,0.0,0.8319925068703322,1.0957395892515218,0.5888595400959706,-0.10263030514618338,0.0,-0.353489898539868,-1.0114232659856222,0.051392359437358946,-0.9432283473806812,0.7369773350126356,0.44686054474073494,0.16776614494052863,0.14769238726631215,0.0,85,43,1,0,N/A
0.5156900977578637,-0.4028953329322605,0.49144019537129247,0.4541069666662865,0.8093653021398777,0.7438731614561234,0.0,-1.0403081654489146,-0.4028953329322605,0.0,-0.14195468819753507,-0.40289533293226076,0.0,0.377469645277729,-1.0264816277698876,-0.3170398201974575,-0.824677888315642,0.0,0.38141846425738524,-0.5025707110324169,0.3636985340717433,-0.18529970814553254,0.4938476263562378,-0.25790790230089955,0.14733291500327553,-0.8909666538356618,0.0,86,43,2,0,N/A
-1.4930597091468705,-1.7458797760397962,-1.1172794662461412,-1.0614977253765772,-1.0370954631982465,-0.7115308500884658,0.0,0.19001686596241626,-1.7458797760397962,0.0,-1.7389449304198061,-1.7458797760397964,0.0,1.6071547737540064,1.431452827685351,1.124163707542087,-0.16608160855084536,0.0,-1.2826023206839317,-1.7225802498817628,-0.9205119768743796,-1.7921338600232943,1.5524023358242305,1.5109433048204428,0.904929096591125,0.062463747993768005,0.0,87,44,1,0,N/A
1.0539462614864803,-0.4028953329322605,1.4362672760455018,1.2766103592769378,2.286533914410377,0.7438731614561234,0.0,0.4053237464593989,-0.4028953329322605,0.0,-0.9404498093086706,-0.40289533293226076,0.0,-0.7229192796802848,-0.9192598445670002,-0.48174879479626287,0.6910083612502473,0.0,0.9589042764264749,-0.5025707110324169,1.3835376929958205,-0.9433439687408928,-0.5740480869429637,0.1276416297137901,-0.01445465734794512,0.41094643251554674,0.0,88,44,2,0,N/A
-0.41654738168963734,1.611581331729043,-0.8744717914786465,-0.6630863898730799,-0.4523828875078405,0.7438731614561234,0.0,1.1435187653061973,1.611581331729043,0.0,-0.14195468819753507,1.6115813317290428,0.0,-3.0346421289881866,1.1758047294330585,-0.12487934983218475,-1.0389019868975646,0.0,-0.24669536725894117,1.8332046695989408,-0.6883656839724901,-0.09432283473806816,-3.3304943232230526,0.700636462985707,-0.8151177905936003,-1.1099202564989181,0.0,89,45,1,0,N/A
0.7542985002354978,1.611581331729043,0.08746483391602146,0.4959154051748347,0.22465272644947168,-0.7115308500884658,0.0,0.46683999802996523,1.611581331729043,0.0,1.4550355540247362,1.6115813317290428,0.0,-0.702344568243101,-1.4250660165530022,-1.6237310186813116,-0.8543195007879588,0.0,0.6374173294457446,1.4359163172354763,-0.07234939605173092,1.330788813045188,-0.5540809229268637,-1.691143015290072,-1.13618182564974,-0.9164275981368412,0.0,90,45,2,0,N/A
